segment,num_customers,baseline_revenue_eur,segment_weighted_margin,avg_discount_percent,discount_cost_eur,revenue_lift_eur,bundle_uplift_eur,net_impact_eur,roi,untargeted_discount_cost_eur,untargeted_revenue_lift_eur,untargeted_bundle_uplift_eur,untargeted_net_impact_eur,untargeted_roi,roi_improvement_factor,roi_numeric,roi_improvement_numeric
Sleeping,26772,7364003.46,0.389,1.78,55607.74,1210389.69,1152780.13,2307562.07,41.5,36328.64,858432.4,228915.31,1051019.07,28.93,1.43,41.5,1.43
Loyal,34570,13125968.03,0.389,0.51,28537.66,2157459.11,2054772.94,4183694.4,146.6,18643.71,1530112.84,408030.09,1919499.23,102.96,1.42,146.6,1.42
New,21555,1260300.28,0.389,0.0,0.0,207150.16,197290.66,404440.82,N/A,0.0,146915.0,39177.33,186092.34,N/A,1.0,,1.0
Premium,45125,48589063.51,0.389,0.0,0.0,7986376.13,7606257.53,15592633.66,N/A,0.0,5664096.55,1510425.75,7174522.29,N/A,1.0,,1.0
Lost,50282,4134289.87,0.389,15.0,262940.84,679535.51,647192.42,1063787.09,4.05,171779.74,481940.08,128517.35,438677.69,2.55,1.58,4.05,1.58
High_Check,6301,2107039.9,0.389,0.0,0.0,346325.12,329841.47,676166.59,N/A,0.0,245620.65,65498.84,311119.49,N/A,1.0,,1.0
Frugal,7652,583087.35,0.389,4.14,10223.11,95839.57,91278.0,176894.46,17.3,6678.78,67971.33,18125.69,79418.24,11.89,1.46,17.3,1.46
Promising,13952,1680637.83,0.389,19.9,141782.87,276239.24,263091.39,397547.75,2.8,92627.02,195914.35,52243.83,155531.16,1.68,1.67,2.8,1.67
